id,URL,status,error,response_time,content_size
1,http://diglib.hab.de/edoc/ed000006/startx.htm,200,,0.441,2.93
2,http://www.thomasgray.org/,200,,4.319,23.59
3,http://www.dafyddapgwilym.net/,200,,6.928,5.29
4,http://www.confessio.ie/#,200,,3.973,21.37
5,http://scrineum.unipv.it/LM/home.html,404,Cannot connect to host scrineum.unipv.it:80 ssl:default [Name or service not known],-1.0,-1.0
6,http://bayle-correspondance.univ-st-etienne.fr/?lang=fr,200,,4.299,31.23
7,http://vindolanda.csad.ox.ac.uk/index.shtml,200,,1.094,17.97
8,http://vto2.classics.ox.ac.uk/,404,Cannot connect to host vto2.classics.ox.ac.uk:80 ssl:default [Name or service not known],-1.0,-1.0
9,http://www.berardier.org/,200,,0.601,3.07
10,http://codexsinaiticus.org/en/,200,,4.627,13.47
11,http://www.waddesdon.org.uk/collection/special-projects/st.-aubin,403,,0.451,5.62
12,http://www.catullusonline.org/CatullusOnline/index.php,200,,1.254,723.49
13,http://suprasliensis.obdurodon.org/,200,,3.851,51.57
14,http://www.ehu.es/galicano/?l=en,200,,4.429,36.12
15,http://www.dlv.org.uk/index.html,200,,7.41,11.11
16,http://www.beckettarchive.org/login.html,200,,4.512,14.49
17,http://euripidesscholia.org,200,,3.964,10.43
18,http://omacl.org/Heimskringla/,200,,5.624,71.39
19,https://hridigital.shef.ac.uk/partonopeus/,403,,1.317,0.02
20,http://www.finerollshenry3.org.uk/,200,,7.451,4.2
21,http://www.ub.unibas.ch/bernoulli/index.php/Hauptseite,404,,-1.0,-1.0
22,http://www.intratext.com/X/ITA0763.HTM,200,,5.438,17.3
23,http://orosius.monumenta.ch/,200,,1.182,0.34
24,http://iospe.kcl.ac.uk/corpus/index.html,200,,4.775,4.2
25,http://entretenida.outofthewings.org/index.html,200,,4.981,8.39
26,http://www.hrionline.ac.uk/strype/,404,Cannot connect to host www.hrionline.ac.uk:80 ssl:default [Name or service not known],-1.0,-1.0
27,http://www.livesandletters.ac.uk/herle/index.html,200,,4.67,5.52
28,http://www.livesandletters.ac.uk/bodley/bodley.html,200,,4.66,6.37
29,http://www.livesandletters.ac.uk/cell/Hooke/Hooke.html,200,,4.688,2.16
30,http://www.livesandletters.ac.uk/wd/index.html,200,,4.643,3.63
31,http://jonathanswiftarchive.org.uk/index.html,200,,5.94,5.39
32,http://www.stgallpriscian.ie,200,,4.665,20.98
33,http://www.nietzschesource.org/,200,,1.476,13.47
34,http://www.asnc.cam.ac.uk/irishglossaries/,200,,5.574,7.6
35,http://www.cems.ox.ac.uk/holinshed/index.shtml,404,Cannot connect to host www.cems.ox.ac.uk:80 ssl:default [Name or service not known],-1.0,-1.0
36,http://www.mun.ca/alciato/,404,,5.047,26.28
37,http://www.csdl.tamu.edu:8080/veri/index-en.html,404,Cannot connect to host www.csdl.tamu.edu:8080 ssl:default [Name or service not known],-1.0,-1.0
38,http://www.corimu.unisi.it/,200,,5.625,21.06
39,http://www.bensira.org/,200,,1.665,3.57
40,http://www.pizan.lib.ed.ac.uk/,200,,5.397,11.32
41,http://isaw.nyu.edu/publications/inscriptions/campa/,200,,4.594,5.47
42,http://www.danteonline.it/italiano/home_ita.asp,200,,2.006,11.1
43,http://www.darwinproject.ac.uk/,200,,4.994,156.95
44,http://edities.kantl.be/daisne/,200,,5.614,6.71
45,http://www.earlystuartlibels.net/htdocs/index.html,200,,5.121,13.59
46,http://www.folgerdigitaltexts.org/,200,,8.092,139.04
47,https://romantic-circles.org/editions/frankenstein/editions.2009.frankenstein,200,,2.376,42.65
48,http://www.glossae.net,200,,1.98,0.11
49,http://www.heine-portal.de,200,,2.041,2.8
50,http://www.ibsen.uio.no/forside.xhtml,200,,8.059,7.87
51,http://www.marktwainproject.org/homepage.html,404,,5.259,0.19
52,http://www.fondazionecanussio.org/patria.htm,200,,6.735,2.79
53,http://txm.bfm-corpus.org/?command=documentation&path=/GRAAL,200,,5.739,2.94
54,http://auchinleck.nls.uk/index.html,200,,5.648,11.36
55,http://www.magicandmedicine.hps.cam.ac.uk/,200,,5.401,27.07
56,http://www.stoa.org/hippo/,404,,-1.0,-1.0
57,http://chs.harvard.edu/CHS/article/display/5418,404,,-1.0,-1.0
58,http://www.iohannes.com/,404,,-1.0,-1.0
59,http://www.oldbaileyonline.org/,403,,5.679,0.02
60,http://www.hrionline.ac.uk/brome/,404,Cannot connect to host www.hrionline.ac.uk:80 ssl:default [Name or service not known],-1.0,-1.0
61,http://courses.washington.edu/otap/svoboda/public/index.html,404,,2.51,0.16
62,http://godwindiary.bodleian.ox.ac.uk/index2.html,404,,-1.0,-1.0
63,http://www.math.uni-augsburg.de/stochastik/llull/,200,,8.638,140.34
64,http://www.digitalmishnah.org/,404,"Cannot connect to host www.digitalmishnah.org:443 ssl:True [SSLCertVerificationError: (1, ""[SSL: CERTIFICATE_VERIFY_FAILED] certificate verify failed: Hostname mismatch, certificate is not valid for 'www.digitalmishnah.org'. (_ssl.c:1010)"")]",-1.0,-1.0
65,http://ocp.tyndale.ca/,200,,2.67,59.41
66,http://dss.collections.imj.org.il/,200,,2.691,10.86
67,http://www.historici.nl/Onderzoek/Projecten/RegistersVanDeHollandseGrafelijkheid1299-1345,200,,8.949,9.35
68,http://quijote.bne.es/libro.html,404,Cannot connect to host quijote.bne.eslibro.html:443 ssl:default [Name or service not known],-1.0,-1.0
69,http://lewisandclarkjournals.unl.edu,200,,5.269,9.7
70,http://beowulf.engl.uky.edu/~kiernan/eBoethius/inlad.htm,404,,-1.0,-1.0
71,http://www.intellectualhistory.net/mill/,404,,5.497,886.78
72,http://tei.oucs.ox.ac.uk/Projects/EETS/soton/,404,Cannot connect to host tei.oucs.ox.ac.uk:80 ssl:default [Name or service not known],-1.0,-1.0
73,http://nestlealand.uni-muenster.de/,404,Cannot connect to host nestlealand.uni-muenster.de:80 ssl:default [Name or service not known],-1.0,-1.0
74,http://stel.ub.edu/orlando/,404,,-1.0,-1.0
75,http://vergil.classics.upenn.edu/,200,,6.219,8.28
76,http://www.laits.utexas.edu/cid/index2.php?v=nor,404,,2.705,0.19
77,http://www.abdn.ac.uk/bestiary/,200,,6.851,4.6
78,http://www.curculio.org/Martial/Martial04.html,404,'utf-8' codec can't decode byte 0x9c in position 13142: invalid start byte,-1.0,-1.0
79,http://www.curculio.org/Ovid/h01.html,200,,2.845,21.49
80,http://www.curculio.org/Propertius/index.html,200,,2.846,3.9
81,http://www.curculio.org/Sulpiciae/index.html,200,,2.84,5.12
82,http://www.curculio.org/Claudian/index.html,200,,2.842,3.83
83,http://www.curculio.org/Juvenal/index.html,200,,2.852,4.86
84,http://cdlm.unipv.it/,404,Cannot connect to host cdlm.unipv.it:80 ssl:default [Name or service not known],-1.0,-1.0
85,http://press.ucalgary.ca/books/9781552380369,404,,6.295,63.21
86,http://www.ffzg.unizg.hr/klafil/dokuwiki/doku.php/z:epidoc-hrvatska,200,,3.503,12.42
87,http://www.gasconrolls.org/en/,403,,6.575,0.2
88,http://www.sd-editions.com/AnaAdditional/HengwrtEx/images/hgopen.html,200,,6.114,0.48
89,http://www.weber-gesamtausgabe.de/en/Index,200,,6.62,29.92
90,http://livingstone.library.ucla.edu/1871diary/manuscript1.htm,404,,-1.0,-1.0
91,http://hyperdonat.ens-lyon.fr/,404,,-1.0,-1.0
92,http://insaph.kcl.ac.uk/index.html,200,,6.541,0.23
93,http://ircyr.kcl.ac.uk/,404,Cannot connect to host ircyr.kcl.ac.uk:80 ssl:default [Name or service not known],-1.0,-1.0
94,http://irt.kcl.ac.uk/irt2009/,404,Cannot connect to host irt.kcl.ac.uk:80 ssl:default [No address associated with hostname],-1.0,-1.0
95,http://www.e-sequence.eu/en/,200,,6.93,6.46
96,http://www.philological.bham.ac.uk/sylva/,200,,6.55,1.99
97,http://www.philological.bham.ac.uk/Addison/,200,,6.557,2.59
98,http://www.hull.ac.uk/hitm/,404,,7.266,14.79
99,http://cancionerovirtual.liv.ac.uk/,404,Cannot connect to host cancionerovirtual.liv.ac.uk:80 ssl:default [Name or service not known],-1.0,-1.0
100,http://pom.bbaw.de/cmg/,404,"Cannot connect to host pom.bbaw.de:443 ssl:True [SSLCertVerificationError: (1, '[SSL: CERTIFICATE_VERIFY_FAILED] certificate verify failed: certificate has expired (_ssl.c:1010)')]",-1.0,-1.0
101,http://www.benedictus.mgh.de/,200,,7.391,2.64
102,http://oracc.museum.upenn.edu/rinap/,404,"Cannot connect to host oracc.museum.upenn.edu:443 ssl:True [SSLCertVerificationError: (1, '[SSL: CERTIFICATE_VERIFY_FAILED] certificate verify failed: unable to get local issuer certificate (_ssl.c:1010)')]",-1.0,-1.0
103,http://english.selu.edu/humanitiesonline/kempe/index.php,404,,0.139,0.54
104,http://www.britac.ac.uk/pubs/dialogus/ockdial.html,403,,9.489,5.64
105,http://www.domesdaybook.net,200,,0.107,740.92
106,http://www.cfeo.org.uk/index.html,404,,0.929,0.17
107,http://www.janeausten.ac.uk/index.html,200,,14.454,7.37
108,http://www.whitmanarchive.org/,403,,12.697,5.41
109,http://www.schenkerdocumentsonline.org,200,,12.936,4.2
110,http://www.ocve.org.uk/index.html,404,,0.826,0.17
111,http://www.johnfoxe.org/,403,,7.963,5.38
112,http://petrarch.uoregon.edu/,200,,11.408,54.12
113,http://www.stg.brown.edu/projects/pico/about.php,404,Cannot connect to host www.stg.brown.edu:80 ssl:default [Name or service not known],-1.0,-1.0
114,http://www.brown.edu/Departments/Italian_Studies/dweb/index.php,200,,9.938,2.02
115,http://www.brown.edu/Departments/Italian_Studies/pico/index.html,404,,7.319,57.94
116,http://www.stg.brown.edu/projects/Inscriptions/index.shtml,404,Cannot connect to host www.stg.brown.edu:80 ssl:default [Name or service not known],-1.0,-1.0
117,http://www.parzival.unibe.ch/home.html,404,,9.633,1.31
118,http://www.rose.uzh.ch/static/decameron/index3.htm,200,,8.901,0.5
119,http://www.rc.umd.edu/editions/shelley/devil/index.html,404,Cannot connect to host www.rc.umd.edu:80 ssl:default [Name or service not known],-1.0,-1.0
120,http://www.rc.umd.edu/editions/contemps/barbauld/poems1773/,404,Cannot connect to host www.rc.umd.edu:80 ssl:default [Name or service not known],-1.0,-1.0
121,http://www.rc.umd.edu/editions/bloomfield_letters/,404,Cannot connect to host www.rc.umd.edu:80 ssl:default [Name or service not known],-1.0,-1.0
122,http://www.shelleygodwinarchive.org/,403,,6.366,0.89
123,http://www.rc.umd.edu/editions/beddoes/intro.html,404,Cannot connect to host www.rc.umd.edu:80 ssl:default [Name or service not known],-1.0,-1.0
124,http://www.hrionline.ac.uk/onlinefroissart/index.jsp,404,Cannot connect to host www.hrionline.ac.uk:80 ssl:default [Name or service not known],-1.0,-1.0
125,http://www.rhyddiaithganoloesol.caerdydd.ac.uk/en/,200,,10.743,2.6
126,http://www.newtonproject.sussex.ac.uk/prism.php?id=1,200,,11.256,9.25
127,http://vbd.humnet.unipi.it,404,[Errno 104] Connection reset by peer,-1.0,-1.0
128,http://vitanova.unipv.it/,404,'utf-8' codec can't decode byte 0xe0 in position 849: invalid continuation byte,-1.0,-1.0
129,http://knarf.english.upenn.edu/,200,,10.547,1.81
130,http://www.livingstoneonline.ucl.ac.uk,404,[Errno 104] Connection reset by peer,-1.0,-1.0
131,http://rmcisadu.let.uniroma1.it/boccaccio/,404,,13.128,0.19
132,http://en.wikibooks.org/wiki/The_Devonshire_Manuscript,403,,9.284,0.14
133,http://www.bvh.univ-tours.fr/#,404,'utf-8' codec can't decode byte 0xe9 in position 272: invalid continuation byte,-1.0,-1.0
134,http://digital.library.northwestern.edu/codex/index.html,404,,12.231,4.3
135,https://www.ucl.ac.uk/Bentham-Project/publications/martins-memorandoms/martins-memorandoms.html,502,,13.716,6.17
136,http://www.cn-telma.fr/actesroyaux/index/,404,Cannot connect to host www.cn-telma.fr:80 ssl:default [Temporary failure in name resolution],-1.0,-1.0
137,http://quod.lib.umich.edu/a/amverse/,403,,0.136,1269.22
138,http://www.bodleianshop.co.uk/a-digital-facsimile-of-oxford-bodleian-library-ms-junius-11.html,404,,9.374,163.64
139,http://candide.nypl.org/text/,404,Cannot connect to host candide.nypl.org:80 ssl:default [Name or service not known],-1.0,-1.0
140,http://www.getto-chronik.de/de/,200,,0.575,194.93
141,http://www.upress.virginia.edu/content/clotel-william-wells-brown-electronic-scholarly-edition,404,,9.813,417.68
142,http://dasi.humnet.unipi.it/,404,[Errno 104] Connection reset by peer,-1.0,-1.0
143,http://datini.archiviodistato.prato.it/la-ricerca/le-edizioni-delle-lettere#n,200,,9.201,22.59
144,http://www.shikshapatri.org.uk/,404,,-1.0,-1.0
145,http://ebeowulf.uky.edu/,200,,11.05,9.57
146,http://www.edickinson.org/,202,,10.646,0.0
147,http://rotunda.upress.virginia.edu/edc/,200,,8.176,4.69
148,http://abo.annotatedbooksonline.com/#binding-5-1,200,,14.952,19.32
149,http://www.mpiwg-berlin.mpg.de/Galileo_Prototype/MAIN.HTM,200,,14.891,3.04
150,http://kundigebok.stadtarchiv.goettingen.de/kb2Web/html/,404,Cannot connect to host kundigebok.stadtarchiv.goettingen.de:80 ssl:default [Name or service not known],-1.0,-1.0
151,http://rotunda.upress.virginia.edu/melville/,200,,14.68,6.91
152,http://letters.mozartways.com/,403,,1.321,4.95
153,http://courses.washington.edu/otap/intibah/intibah.html,404,,8.432,0.16
154,http://www.nma.gov.au/collections/collection_interactives/jerilderie_letter,403,,13.795,8.03
155,http://www.chlt.org/sandbox/colloquia/argenis/index.html,404,Cannot connect to host chlt.orgsandbox:443 ssl:default [Name or service not known],-1.0,-1.0
156,http://rotunda.upress.virginia.edu/EmilyShore/make-page.xqy,200,,14.518,6.01
157,http://www.phalese.fr/Maldoror/index.php?title=Accueil,404,,12.698,0.27
158,http://www.cn-telma.fr/nesle/index/,404,Cannot connect to host www.cn-telma.fr:80 ssl:default [Temporary failure in name resolution],-1.0,-1.0
159,http://dohistory.org/diary/index.html,200,,13.147,22.59
160,http://www.oliveschreiner.org/,404,Cannot connect to host www.oliveschreiner.org:80 ssl:default [Name or service not known],-1.0,-1.0
161,http://rabindranathtagore-150.gov.in/online-voriourum.html,404,Cannot connect to host rabindranathtagore-150.gov.in:80 ssl:default [Name or service not known],-1.0,-1.0
162,http://www.cn-telma.fr/ordonnances/index/,404,Cannot connect to host www.cn-telma.fr:80 ssl:default [Temporary failure in name resolution],-1.0,-1.0
163,http://septuaginta.net/,200,,11.296,45.82
164,http://www.siratbanihilal.ucsb.edu/start-0,403,,0.025,0.55
165,http://sks.dk/forside/indhold.asp,200,,10.932,18.57
166,http://ctb.kantl.be/publicaties/de-teleurgang-van-den-waterhoek-elektronisch-kritische-editie-electronic-c,404,,7.985,39.38
167,http://rotunda.upress.virginia.edu/founders/ADMS.html,200,,14.568,3.5
168,http://drapier.dho.ie/node/232,404,,13.433,82.4
169,http://hridigital.shef.ac.uk/gide,403,,13.829,0.02
170,http://www.lib.unb.ca/Texts/marston/,404,,12.127,76.15
171,http://rth.org.uk/collections/bevan-dewar-letters,404,"Cannot connect to host rth.org.uk:443 ssl:True [SSLCertVerificationError: (1, '[SSL: CERTIFICATE_VERIFY_FAILED] certificate verify failed: certificate has expired (_ssl.c:1010)')]",-1.0,-1.0
172,http://www.abdn.ac.uk/diss/historic/collects/bps/index.html,404,,14.248,41.55
173,http://www.textualcommunities.usask.ca/web/canterbury-tales,404,Cannot connect to host www.textualcommunities.usask.ca:80 ssl:default [Name or service not known],-1.0,-1.0
174,http://digitaltemple.rotunda.upress.virginia.edu/,200,,14.778,3.97
175,http://www.nb.no/baser/diriks/virtuellealbum/index.html,404,,0.733,0.32
176,http://rotunda.upress.virginia.edu/founders/RNCN.html,200,,14.617,3.42
177,http://rotunda.upress.virginia.edu/dmde/,200,,15.434,5.55
178,http://geesebook.asu.edu,200,,10.02,3.58
179,https://www.hrionline.ac.uk/hartlib/,404,Cannot connect to host www.hrionline.ac.uk:443 ssl:default [Name or service not known],-1.0,-1.0
180,http://rotunda.upress.virginia.edu/crossetti/,200,,15.44,5.77
181,http://rotunda.upress.virginia.edu/arnold/,200,,15.526,5.31
182,http://www.maloryproject.com/,200,,0.206,16.92
183,http://rotunda.upress.virginia.edu/founders/ARHN.html,200,,15.464,3.92
184,http://rotunda.upress.virginia.edu/PinckneyHorry/,200,,15.609,6.74
185,http://rotunda.upress.virginia.edu/founders/GEWN.html,200,,15.515,3.49
186,http://rotunda.upress.virginia.edu/founders/JSMN.html,200,,15.575,3.58
187,http://rotunda.upress.virginia.edu/founders/TSJN.html,200,,15.552,3.84
188,http://hridigital.shef.ac.uk/galdos,403,,13.83,0.02
189,http://vlib.iue.it/carrie/documents/planctus/planctus/index.html,503,,12.83,56.18
190,http://www.birmingham.ac.uk/research/activity/leopardi/projects/index.aspx,200,,11.059,0.0
191,http://edities.kantl.be/loveling/,200,,10.857,6.95
192,http://nzetc.victoria.ac.nz/tm/scholarly/tei-corpus-golder.html,200,,0.565,1.13
193,http://trove.nla.gov.au/work/33020507,200,,0.811,5.51
194,http://www.nlx.com/collections/124,200,,13.649,11.02
195,http://www.birmingham.ac.uk/research/activity/leopardi/projects/barcelona.aspx,404,,10.714,29.77
196,http://www.getty.edu/research/mellini/,200,,14.419,103.34
197,http://iaa.bibl.u-szeged.hu/index.php,200,,10.497,20.47
198,http://hellenic-institute.rhul.ac.uk/Research/Etheridge/,404,Server disconnected,-1.0,-1.0
199,http://www.ssrq-sds-fds.ch/teiviewer/,410,,11.671,0.53
200,http://dantiscus.al.uw.edu.pl/,403,,14.244,0.2
201,http://sd-editions.com/AnaAdditional/commediaonline/home.html,200,,10.48,2.43
202,http://quod.lib.umich.edu/m/machyn/,403,,0.13,1269.22
203,http://www.ssrq-sds-fds.ch/online/,200,,14.569,30.17
204,http://www.realbiblioteca.es/gomez_manrique/cancionero.html,200,,0.695,162.7
205,http://www.aschart.kcl.ac.uk/index.html,200,,10.851,5.98
206,http://byzantini.st/ChronicleME/,200,,15.083,3.23
207,http://www.desgodets.net,200,,12.858,9.28
208,http://diglib.hab.de/wdb.php?dir=edoc/ed000228&lang=en,200,,11.01,0.9
209,http://www.forschungsdatenarchiv.escience.uni-tuebingen.de/adlils/,404,Cannot connect to host www.forschungsdatenarchiv.escience.uni-tuebingen.de:80 ssl:default [Name or service not known],-1.0,-1.0
210,http://jechante.exeter.ac.uk/archive/index.html,404,Cannot connect to host jechante.exeter.ac.uk:80 ssl:default [Name or service not known],-1.0,-1.0
211,http://www.alberteinstein.info/,200,,1.005,57.07
212,http://pelavicino.labcd.unipi.it/,404,[Errno 104] Connection reset by peer,-1.0,-1.0
213,http://www.woolfonline.com/,200,,5.689,44.34
214,http://www.bovary.fr/,200,,0.464,903.0
215,http://digital.nypl.org/schomburg/writers_aa19/,200,,12.643,40.81
216,http://beta.faustedition.net/,200,,1.787,16.08
217,https://fontane-nb.dariah.eu/index.html,200,,0.69,37.24
218,http://senckenberg.ub.uni-frankfurt.de/s/startpage,200,,14.153,8.71
219,http://alexandredumas.org/,200,,7.812,7.92
220,http://telota.bbaw.de/AvHBriefedition/index.html,404,,9.552,0.54
221,http://burckhardtsource.org/,200,,10.495,6.32
222,http://jewish-history-online.net/,200,,0.461,8.25
223,http://inamidst.com/stuff/sappho/,200,,0.221,173.87
224,http://www.orlandofurioso.org/,404,,-1.0,-1.0
225,http://www.schopenhauer.uni.wroc.pl/,200,,10.212,489.82
226,http://claviusontheweb.it/,404,,-1.0,-1.0
227,http://fleischmanndiaries.ucc.ie/,200,,0.485,29.76
228,http://www.deutschestextarchiv.de/,200,,0.539,32.33
229,http://tarsian.vital-it.ch/,404,"Cannot connect to host tarsian.vital-it.ch:443 ssl:True [SSLCertVerificationError: (1, ""[SSL: CERTIFICATE_VERIFY_FAILED] certificate verify failed: Hostname mismatch, certificate is not valid for 'tarsian.vital-it.ch'. (_ssl.c:1010)"")]",-1.0,-1.0
230,http://dh.tcd.ie/letters1916/,404,,10.685,57.55
231,http://www.ittig.cnr.it,200,,9.546,57.65
232,http://wjc.bodleian.ox.ac.uk,404,,-1.0,-1.0
233,https://romaninscriptionsofbritain.org/,200,,6.18,36.33
234,http://ta.sandrart.net/de/,200,,0.517,3.4
235,https://acdh.oeaw.ac.at/abacus/,200,,10.139,14.66
236,http://darwin-online.org.uk/Variorum/,200,,14.27,7.63
237,https://www2.hf.uio.no/damos/,200,,0.495,5.85
238,http://www.vnsbrieven.org/VNS/,200,,9.613,9.03
239,http://edities.kantl.be/streuvels/,200,,11.803,10.77
240,http://sauer-seuffert.onb.ac.at/,200,,14.161,26.41
241,http://www1.unipa.it/paolo.monella/ursus/transcription.html,404,"Cannot connect to host www1.unipa.it:443 ssl:True [SSLCertVerificationError: (1, ""[SSL: CERTIFICATE_VERIFY_FAILED] certificate verify failed: Hostname mismatch, certificate is not valid for 'www1.unipa.it'. (_ssl.c:1010)"")]",-1.0,-1.0
242,http://codyarchive.org/,200,,14.344,8.3
243,http://earlymusictheory.org/Tinctoris/,200,,3.735,6.88
244,http://digitalathenaeus.org/,404,Cannot connect to host digitalathenaeus.org:80 ssl:default [No address associated with hostname],-1.0,-1.0
245,http://guillelmus.uni-koeln.de/,500,,0.576,0.0
246,http://musilonline.at/,200,,14.486,111.47
247,http://www.univie.ac.at/tocharian/,200,,1.458,10.82
248,http://www.berliner-intellektuelle.eu/,200,,8.897,3.86
249,http://www.bdpn.unam.mx/,404,Cannot connect to host www.bdpn.unam.mx:80 ssl:default [Name or service not known],-1.0,-1.0
250,http://www.doaks.org/resources/bliss-tyler-correspondence/,200,,7.737,41.44
251,https://edition-humboldt.de/,200,,10.674,35.4
252,http://vespasianodabisticciletters.unibo.it,404,'utf-8' codec can't decode byte 0xe0 in position 1014: invalid continuation byte,-1.0,-1.0
253,http://erdmuthe.thulb.uni-jena.de,200,,9.64,15.86
254,https://digital.janeaddams.ramapo.edu/,403,,8.997,0.19
255,http://www.penseesdepascal.fr,200,,12.059,31.63
256,http://gams.uni-graz.at/horvath-edition,200,,13.437,13.02
257,http://library.trinity.edu/lament/index.html,200,,6.742,29.42
258,http://beethovens-werkstatt.de/,200,,10.832,61.32
259,http://charles-harpur.org/,200,,10.727,0.1
260,http://damaboba.unibo.it/,200,,10.035,4.02
261,http://www.cartas-de-ultramar.net/,200,,7.758,4.9
262,http://magyar-irodalom.elte.hu/gepesk/kd/edesanna/,404,'utf-8' codec can't decode byte 0xe1 in position 26: invalid continuation byte,-1.0,-1.0
263,http://digiphil.hu/context:edesanna,200,,14.738,6.39
264,http://digiphil.hu/context:alomeghal,200,,14.673,9.3
265,http://digiphil.hu/context:aranysarkany,200,,14.78,7.96
266,http://digiphil.hu/context:estikornel,200,,14.976,12.95
267,http://www.tankonyvtar.hu/hu/tartalom/tkt/fanchali-job-kodex/adatok.html,404,,-1.0,-1.0
268,http://magyar-irodalom.elte.hu/totnes/eotvos/,404,'utf-8' codec can't decode byte 0xf6 in position 91: invalid start byte,-1.0,-1.0
269,http://magyar-irodalom.elte.hu/ja/,404,'utf-8' codec can't decode byte 0xf3 in position 22: invalid continuation byte,-1.0,-1.0
270,http://textus.elte.hu/ja/,200,,11.571,1.7
271,http://estoria.bham.ac.uk/,200,,0.74,28.96
272,http://www.tankonyvtar.hu/en/tartalom/tkt/argirus-historiaja/adatok.html,404,,-1.0,-1.0
273,http://magyar-irodalom.elte.hu/gepesk/wathay/,404,'utf-8' codec can't decode byte 0xf6 in position 752: invalid start byte,-1.0,-1.0
274,http://magyar-irodalom.elte.hu/gepesk/zrinyi/,404,'utf-8' codec can't decode byte 0xed in position 150: invalid continuation byte,-1.0,-1.0
275,http://magyar-irodalom.elte.hu/gepesk/rimay/,404,'utf-8' codec can't decode byte 0xe1 in position 32: invalid continuation byte,-1.0,-1.0
276,http://www.tankonyvtar.hu/hu/tartalom/tkt/rimay-janos-ifjukori/,404,,-1.0,-1.0
277,http://magyar-irodalom.elte.hu/effectus/,200,,15.13,0.46
278,http://sermones.elte.hu/erdy/,200,,11.229,212.21
279,http://sermones.elte.hu/exemplumadatbazis/,200,,11.291,70.82
280,http://deba.unideb.hu/deba/kazinczy_muvei/,200,,1.055,18.12
281,http://deba.unideb.hu/deba/csokonai_muvei/,200,,2.067,19.14
282,http://deba.unideb.hu/deba/szerdahely/,200,,0.8,7.31
283,http://deba.unideb.hu/deba/gyongyossi/,200,,2.066,6.93
284,http://deba.unideb.hu/deba/berzsenyi/,200,,1.06,9.54
285,http://deba.unideb.hu/deba/levelezes/,200,,1.931,10.89
286,http://deba.unideb.hu/deba/raday/,200,,2.077,10.08
287,http://deba.unideb.hu/deba/Margit-legenda_Szent_Margit_elete_1510/index.html,200,,1.046,0.47
288,http://deba.unideb.hu/deba/orpheus/,200,,2.06,8.42
289,http://deba.unideb.hu/deba/magyar_museum/,200,,2.065,5.59
290,https://sturm-edition.de,200,,14.841,12.61
291,http://magyar-irodalom.elte.hu/gepesk/bbom/itart.htm,404,'utf-8' codec can't decode byte 0xe1 in position 32: invalid continuation byte,-1.0,-1.0
292,http://magyar-irodalom.elte.hu/gepesk/eloszo/,200,,0.243,0.11
293,http://krk.szabolorinc.hu/dokumentumok.htm,404,'utf-8' codec can't decode byte 0xf3 in position 218: invalid continuation byte,-1.0,-1.0
294,http://digiphil.hu/context:atett,404,,14.811,0.62
295,http://digiphil.hu/context:mkk39,200,,15.523,24.78
296,http://digiphil.hu/context:mkk42,200,,15.409,16.87
297,http://ps.clul.ul.pt/,200,,7.104,8.11
298,https://www.jeanpaul-edition.de/,200,,15.262,21.43
299,http://digi.ub.uni-heidelberg.de/ahd/,200,,4.746,17.36
300,https://astree.tufts.edu,200,,14.162,0.31
302,https://traveldigital.acdh.oeaw.ac.at/,200,,9.868,9.17
303,https://maechtekongresse.acdh.oeaw.ac.at/,200,,15.354,93.13
304,https://edition.onb.ac.at/okopenko,200,,14.754,31.84
305,https://edition.mgh.de/001/,200,,9.563,5.69
306,http://frhu20.iti.btk.mta.hu/,200,,4.291,10.79
307,https://www.arthur-schnitzler.de/edition/genetisch,200,,12.025,3.27
308,https://www.hamann-ausgabe.de,200,,0.442,7.75
309,http://grundtvigsvaerker.dk,200,,6.298,23.08
310,https://thun-korrespondenz.acdh.oeaw.ac.at/,200,,11.432,8.99
311,https://igcyr.unibo.it,200,,9.03,15.1
312,http://www1.unipa.it/paolo.monella/romualdus/,404,"Cannot connect to host www1.unipa.it:443 ssl:True [SSLCertVerificationError: (1, ""[SSL: CERTIFICATE_VERIFY_FAILED] certificate verify failed: Hostname mismatch, certificate is not valid for 'www1.unipa.it'. (_ssl.c:1010)"")]",-1.0,-1.0
313,https://www.hahnemann-edition.de/index.html,503,,12.643,0.29
314,https://schnitzler-briefe.acdh.oeaw.ac.at,200,,12.599,38.29
315,http://www.ehu.eus/monumenta/lazarraga/index.html,404,'utf-8' codec can't decode byte 0xf3 in position 2505: invalid continuation byte,-1.0,-1.0
316,https://www.bayerischer-staatsrat.de,200,,0.48,24.21
317,https://db.innovatingknowledge.nl/edition,200,,0.618,226.64
318,https://lts.fortunoff.library.yale.edu/,200,,15.106,0.35
319,https://humboldt.unibe.ch/text,200,,6.88,16.79
320,https://making-mysticism.org/edition/1.0/html/,200,,13.688,32.65
321,http://edition.onb.ac.at/handke-notizbuecher,200,,14.123,19.66
322,https://semper-edition.ch/,200,,0.344,0.42
323,https://tir.univie.ac.at,200,,8.836,27.84
324,https://lexlep.univie.ac.at,200,,14.661,32.73
325,https://schnitzler-chronik.acdh.oeaw.ac.at/,200,,9.375,24.89
326,https://pollaczek.acdh.oeaw.ac.at/,200,,12.29,16.7
327,https://schnitzler-orte.acdh.oeaw.ac.at/,200,,8.325,23.96
328,https://schnitzler-lektueren.acdh.oeaw.ac.at/,200,,9.95,24.59
329,https://schnitzler-tagebuch.acdh.oeaw.ac.at/,200,,7.838,20.01
330,https://schnitzler-zeitungen.acdh.oeaw.ac.at/,200,,10.627,9.86
331,https://pmb.acdh.oeaw.ac.at/,200,,11.021,4.37
332,https://schnitzler-bahr.acdh.oeaw.ac.at/,200,,6.431,18.35
333,https://irt2021.inslib.kcl.ac.uk/,200,,11.582,4.2
334,https://ancientwisdoms.ac.uk/library/kekaumenos-consilia-et-narrationes/index.html,200,,12.98,13.0
335,https://ancientwisdoms.ac.uk/library/,200,,12.987,13.15
336,https://www.koenigsfelden.uzh.ch,200,,0.59,12.35
337,https://megadigital.bbaw.de/,200,,5.229,37.04
338,https://amp.acdh.oeaw.ac.at,200,,10.558,21.74
339,https://pta.bbaw.de,200,,14.67,34.84
340,https://openarabicpe.github.io/,200,,10.088,18.0
341,https://tei.nplp.pl/categories/korespondencja-jana-lechonia-i-kazimierza-wierzynskiego,200,,10.877,377.89
342,https://tei.nplp.pl/categories/korespondencja-mieczyslawa-grydzewskiego-i-kazimierza-i-haliny-wierzynski,200,,11.18,1034.32
343,https://mrp.oeaw.ac.at,200,,11.869,51.71
344,https://qhod.net/,200,,15.396,19.06
345,https://kaiserin-eleonora.oeaw.ac.at/,200,,0.606,15.49
346,https://schnitzler-mikrofilme.acdh.oeaw.ac.at/,200,,7.743,10.11
347,http://www.renansource.org,200,,4.172,11.03
348,https://www.digitalcollections.manchester.ac.uk/collections/maryhamilton/,200,,12.67,28.46
349,https://www.bullinger-digital.ch,200,,11.672,8.13
350,https://akademieprotokolle.acdh.oeaw.ac.at/,200,,11.347,8.98
351,https://hanslick.acdh.oeaw.ac.at/,200,,6.413,22.55
352,https://staribacher.acdh.oeaw.ac.at,200,,6.939,8.72
353,https://agriculture-antiquite.huma-num.fr/,200,,0.48,18.25
354,https://www.schoenberg-ue.at,200,,15.201,1.62
355,https://www.schoenberg-peters.at,200,,10.715,1.89
356,https://familie-engels-briefe.de,200,,10.172,0.76
357,https://naegeli-briefe.ch,200,,14.254,12.25
358,https://kwae.kritische-walser-ausgabe.ch/kwae.html,200,,14.471,2.46
359,https://purl.uni-rostock.de/wsrb/edition,200,,15.406,10.72
